Workbook
Name ExternalData_1: Source_Cust!$A$1:$I$21
Name ExternalData_1: Source_Orders!$A$1:$H$16
Name ExternalData_1: Target_Cust!$A$1:$I$21
Name ExternalData_1: Target_Orders!$A$1:$H$16

Sheet Summary Dashboard
B2: Data Migration Validation Report
B4: Date: | C4: 46054
B5: Source DB: | C5: SourceDB
B6: Target DB: | C6: TargetDB
B9: KEY METRICS
B10: Total Tables | C10: Validation Passed | D10: Validation Failed | E10: Overall Status
B11: 2 | C11: =COUNTIF(C16:C21, "PASS") -> 3 | D11: =COUNTIF(C16:C21, "FAIL") -> 2 | E11: =IF(D11>0, "WARNING", "PASS") -> WARNING
B14: VALIDATION CATEGORIES & STATUS OVERVIEW
B15: Validation Type | C15: Status | D15: Issues Found | E15: Severity | F15: Notes
B16: Record Count | C16: =IF(D16=0, "PASS", "FAIL") -> PASS | D16: =ABS((COUNTA(Source_Cust!A:A)-1) - (COUNTA(Target_Cust!A:A)-1)) + ABS((COUNTA(Source_Orders!A:A)-1) - (COUNTA(Target_Orders!A:A)-1)) -> 0 | E16: Low
B17: Schema Validation | C17: PASS | D17: 0 | E17: Low
B18: Missing Records | C18: =IF(D18=0, "PASS", "FAIL") -> FAIL | D18: =COUNTIF(Detailed_Customers!C:C, "MISSING") + COUNTIF(Detailed_Orders!B:B, "MISSING") -> 2 | E18: Critical
B19: Value Mismatches | C19: =IF(D19=0, "PASS", "FAIL") -> FAIL | D19: =COUNTIF(Detailed_Customers!D:D, "MISMATCH") + COUNTIF(Detailed_Orders!B:B, "MISMATCH") + COUNTIF(Detailed_Orders!C:C, "DIFF") -> 1 | E19: Medium
B20: Integrity Checks | C20: PASS | D20: 0 | E20: Medium

Sheet Detailed_Orders
A1: Order ID | B1: Status Check | C1: Amount Check
A2: 5001 | B2: =IF(ISERROR(MATCH(A2, Target_Orders!A:A, 0)), "MISSING", IF(VLOOKUP(A2, Source_Orders!A:H, 8, FALSE)=VLOOKUP(A2, Target_Orders!A:H, 8, FALSE), "Match", "MISMATCH")) -> Match | C2: =IF(B2="MISSING", "N/A", IF(VLOOKUP(A2, Source_Orders!A:G, 7, FALSE)=VLOOKUP(A2, Target_Orders!A:G, 7, FALSE), "Match", "DIFF")) -> Match
A3: 5002 | B3: =IF(ISERROR(MATCH(A3, Target_Orders!A:A, 0)), "MISSING", IF(VLOOKUP(A3, Source_Orders!A:H, 8, FALSE)=VLOOKUP(A3, Target_Orders!A:H, 8, FALSE), "Match", "MISMATCH")) -> Match | C3: =IF(B3="MISSING", "N/A", IF(VLOOKUP(A3, Source_Orders!A:G, 7, FALSE)=VLOOKUP(A3, Target_Orders!A:G, 7, FALSE), "Match", "DIFF")) -> Match
A4: 5003 | B4: =IF(ISERROR(MATCH(A4, Target_Orders!A:A, 0)), "MISSING", IF(VLOOKUP(A4, Source_Orders!A:H, 8, FALSE)=VLOOKUP(A4, Target_Orders!A:H, 8, FALSE), "Match", "MISMATCH")) -> Match | C4: =IF(B4="MISSING", "N/A", IF(VLOOKUP(A4, Source_Orders!A:G, 7, FALSE)=VLOOKUP(A4, Target_Orders!A:G, 7, FALSE), "Match", "DIFF")) -> Match
A5: 5004 | B5: =IF(ISERROR(MATCH(A5, Target_Orders!A:A, 0)), "MISSING", IF(VLOOKUP(A5, Source_Orders!A:H, 8, FALSE)=VLOOKUP(A5, Target_Orders!A:H, 8, FALSE), "Match", "MISMATCH")) -> Match | C5: =IF(B5="MISSING", "N/A", IF(VLOOKUP(A5, Source_Orders!A:G, 7, FALSE)=VLOOKUP(A5, Target_Orders!A:G, 7, FALSE), "Match", "DIFF")) -> Match
A6: 5005 | B6: =IF(ISERROR(MATCH(A6, Target_Orders!A:A, 0)), "MISSING", IF(VLOOKUP(A6, Source_Orders!A:H, 8, FALSE)=VLOOKUP(A6, Target_Orders!A:H, 8, FALSE), "Match", "MISMATCH")) -> Match | C6: =IF(B6="MISSING", "N/A", IF(VLOOKUP(A6, Source_Orders!A:G, 7, FALSE)=VLOOKUP(A6, Target_Orders!A:G, 7, FALSE), "Match", "DIFF")) -> Match
A7: 5006 | B7: =IF(ISERROR(MATCH(A7, Target_Orders!A:A, 0)), "MISSING", IF(VLOOKUP(A7, Source_Orders!A:H, 8, FALSE)=VLOOKUP(A7, Target_Orders!A:H, 8, FALSE), "Match", "MISMATCH")) -> Match | C7: =IF(B7="MISSING", "N/A", IF(VLOOKUP(A7, Source_Orders!A:G, 7, FALSE)=VLOOKUP(A7, Target_Orders!A:G, 7, FALSE), "Match", "DIFF")) -> Match
A8: 5007 | B8: =IF(ISERROR(MATCH(A8, Target_Orders!A:A, 0)), "MISSING", IF(VLOOKUP(A8, Source_Orders!A:H, 8, FALSE)=VLOOKUP(A8, Target_Orders!A:H, 8, FALSE), "Match", "MISMATCH")) -> Match | C8: =IF(B8="MISSING", "N/A", IF(VLOOKUP(A8, Source_Orders!A:G, 7, FALSE)=VLOOKUP(A8, Target_Orders!A:G, 7, FALSE), "Match", "DIFF")) -> Match
A9: 5008 | B9: =IF(ISERROR(MATCH(A9, Target_Orders!A:A, 0)), "MISSING", IF(VLOOKUP(A9, Source_Orders!A:H, 8, FALSE)=VLOOKUP(A9, Target_Orders!A:H, 8, FALSE), "Match", "MISMATCH")) -> Match | C9: =IF(B9="MISSING", "N/A", IF(VLOOKUP(A9, Source_Orders!A:G, 7, FALSE)=VLOOKUP(A9, Target_Orders!A:G, 7, FALSE), "Match", "DIFF")) -> Match
A10: 5009 | B10: =IF(ISERROR(MATCH(A10, Target_Orders!A:A, 0)), "MISSING", IF(VLOOKUP(A10, Source_Orders!A:H, 8, FALSE)=VLOOKUP(A10, Target_Orders!A:H, 8, FALSE), "Match", "MISMATCH")) -> Match | C10: =IF(B10="MISSING", "N/A", IF(VLOOKUP(A10, Source_Orders!A:G, 7, FALSE)=VLOOKUP(A10, Target_Orders!A:G, 7, FALSE), "Match", "DIFF")) -> Match
A11: 5010 | B11: =IF(ISERROR(MATCH(A11, Target_Orders!A:A, 0)), "MISSING", IF(VLOOKUP(A11, Source_Orders!A:H, 8, FALSE)=VLOOKUP(A11, Target_Orders!A:H, 8, FALSE), "Match", "MISMATCH")) -> Match | C11: =IF(B11="MISSING", "N/A", IF(VLOOKUP(A11, Source_Orders!A:G, 7, FALSE)=VLOOKUP(A11, Target_Orders!A:G, 7, FALSE), "Match", "DIFF")) -> Match
A12: 5011 | B12: =IF(ISERROR(MATCH(A12, Target_Orders!A:A, 0)), "MISSING", IF(VLOOKUP(A12, Source_Orders!A:H, 8, FALSE)=VLOOKUP(A12, Target_Orders!A:H, 8, FALSE), "Match", "MISMATCH")) -> Match | C12: =IF(B12="MISSING", "N/A", IF(VLOOKUP(A12, Source_Orders!A:G, 7, FALSE)=VLOOKUP(A12, Target_Orders!A:G, 7, FALSE), "Match", "DIFF")) -> Match
A13: 5012 | B13: =IF(ISERROR(MATCH(A13, Target_Orders!A:A, 0)), "MISSING", IF(VLOOKUP(A13, Source_Orders!A:H, 8, FALSE)=VLOOKUP(A13, Target_Orders!A:H, 8, FALSE), "Match", "MISMATCH")) -> Match | C13: =IF(B13="MISSING", "N/A", IF(VLOOKUP(A13, Source_Orders!A:G, 7, FALSE)=VLOOKUP(A13, Target_Orders!A:G, 7, FALSE), "Match", "DIFF")) -> Match
... A16: 5015 | B16: =IF(ISERROR(MATCH(A16, Target_Orders!A:A, 0)), "MISSING", IF(VLOOKUP(A16, Source_Orders!A:H, 8, FALSE)=VLOOKUP(A16, Target_Orders!A:H, 8, FALSE), "Match", "MISMATCH")) -> MISSING | C16: =IF(B16="MISSING", "N/A", IF(VLOOKUP(A16, Source_Orders!A:G, 7, FALSE)=VLOOKUP(A16, Target_Orders!A:G, 7, FALSE), "Match", "DIFF")) -> N/A

Sheet Detailed_Customers
A1: Customer ID | B1: Source Name | C1: Missing Check | D1: Email Check
A2: 1001 | B2: =VLOOKUP(A2, Source_Cust!A:C, 2, FALSE) -> John | C2: =IF(ISNUMBER(MATCH(A2, Target_Cust!A:A, 0)), "Found", "MISSING") -> Found | D2: =IF(C2="MISSING", "N/A", IF(VLOOKUP(A2, Source_Cust!A:D, 4, FALSE) = VLOOKUP(A2, Target_Cust!A:D, 4, FALSE), "Match", "MISMATCH")) -> Match
A3: 1002 | B3: =VLOOKUP(A3, Source_Cust!A:C, 2, FALSE) -> Emma | C3: =IF(ISNUMBER(MATCH(A3, Target_Cust!A:A, 0)), "Found", "MISSING") -> Found | D3: =IF(C3="MISSING", "N/A", IF(VLOOKUP(A3, Source_Cust!A:D, 4, FALSE) = VLOOKUP(A3, Target_Cust!A:D, 4, FALSE), "Match", "MISMATCH")) -> Match
A4: 1003 | B4: =VLOOKUP(A4, Source_Cust!A:C, 2, FALSE) -> Michael | C4: =IF(ISNUMBER(MATCH(A4, Target_Cust!A:A, 0)), "Found", "MISSING") -> Found | D4: =IF(C4="MISSING", "N/A", IF(VLOOKUP(A4, Source_Cust!A:D, 4, FALSE) = VLOOKUP(A4, Target_Cust!A:D, 4, FALSE), "Match", "MISMATCH")) -> Match
A5: 1004 | B5: =VLOOKUP(A5, Source_Cust!A:C, 2, FALSE) -> Sarah | C5: =IF(ISNUMBER(MATCH(A5, Target_Cust!A:A, 0)), "Found", "MISSING") -> Found | D5: =IF(C5="MISSING", "N/A", IF(VLOOKUP(A5, Source_Cust!A:D, 4, FALSE) = VLOOKUP(A5, Target_Cust!A:D, 4, FALSE), "Match", "MISMATCH")) -> Match
A6: 1005 | B6: =VLOOKUP(A6, Source_Cust!A:C, 2, FALSE) -> David | C6: =IF(ISNUMBER(MATCH(A6, Target_Cust!A:A, 0)), "Found", "MISSING") -> Found | D6: =IF(C6="MISSING", "N/A", IF(VLOOKUP(A6, Source_Cust!A:D, 4, FALSE) = VLOOKUP(A6, Target_Cust!A:D, 4, FALSE), "Match", "MISMATCH")) -> Match
A7: 1006 | B7: =VLOOKUP(A7, Source_Cust!A:C, 2, FALSE) -> Lisa | C7: =IF(ISNUMBER(MATCH(A7, Target_Cust!A:A, 0)), "Found", "MISSING") -> Found | D7: =IF(C7="MISSING", "N/A", IF(VLOOKUP(A7, Source_Cust!A:D, 4, FALSE) = VLOOKUP(A7, Target_Cust!A:D, 4, FALSE), "Match", "MISMATCH")) -> Match
A8: 1007 | B8: =VLOOKUP(A8, Source_Cust!A:C, 2, FALSE) -> James | C8: =IF(ISNUMBER(MATCH(A8, Target_Cust!A:A, 0)), "Found", "MISSING") -> Found | D8: =IF(C8="MISSING", "N/A", IF(VLOOKUP(A8, Source_Cust!A:D, 4, FALSE) = VLOOKUP(A8, Target_Cust!A:D, 4, FALSE), "Match", "MISMATCH")) -> Match
A9: 1008 | B9: =VLOOKUP(A9, Source_Cust!A:C, 2, FALSE) -> Maria | C9: =IF(ISNUMBER(MATCH(A9, Target_Cust!A:A, 0)), "Found", "MISSING") -> Found | D9: =IF(C9="MISSING", "N/A", IF(VLOOKUP(A9, Source_Cust!A:D, 4, FALSE) = VLOOKUP(A9, Target_Cust!A:D, 4, FALSE), "Match", "MISMATCH")) -> Match
A10: 1009 | B10: =VLOOKUP(A10, Source_Cust!A:C, 2, FALSE) -> Robert | C10: =IF(ISNUMBER(MATCH(A10, Target_Cust!A:A, 0)), "Found", "MISSING") -> Found | D10: =IF(C10="MISSING", "N/A", IF(VLOOKUP(A10, Source_Cust!A:D, 4, FALSE) = VLOOKUP(A10, Target_Cust!A:D, 4, FALSE), "Match", "MISMATCH")) -> Match
A11: 1010 | B11: =VLOOKUP(A11, Source_Cust!A:C, 2, FALSE) -> Jennifer | C11: =IF(ISNUMBER(MATCH(A11, Target_Cust!A:A, 0)), "Found", "MISSING") -> Found | D11: =IF(C11="MISSING", "N/A", IF(VLOOKUP(A11, Source_Cust!A:D, 4, FALSE) = VLOOKUP(A11, Target_Cust!A:D, 4, FALSE), "Match", "MISMATCH")) -> Match
A12: 1011 | B12: =VLOOKUP(A12, Source_Cust!A:C, 2, FALSE) -> William | C12: =IF(ISNUMBER(MATCH(A12, Target_Cust!A:A, 0)), "Found", "MISSING") -> Found | D12: =IF(C12="MISSING", "N/A", IF(VLOOKUP(A12, Source_Cust!A:D, 4, FALSE) = VLOOKUP(A12, Target_Cust!A:D, 4, FALSE), "Match", "MISMATCH")) -> Match
A13: 1012 | B13: =VLOOKUP(A13, Source_Cust!A:C, 2, FALSE) -> Linda | C13: =IF(ISNUMBER(MATCH(A13, Target_Cust!A:A, 0)), "Found", "MISSING") -> Found | D13: =IF(C13="MISSING", "N/A", IF(VLOOKUP(A13, Source_Cust!A:D, 4, FALSE) = VLOOKUP(A13, Target_Cust!A:D, 4, FALSE), "Match", "MISMATCH")) -> Match
... A21: 1020 | B21: =VLOOKUP(A21, Source_Cust!A:C, 2, FALSE) -> Jessica | C21: =IF(ISNUMBER(MATCH(A21, Target_Cust!A:A, 0)), "Found", "MISSING") -> Found | D21: =IF(C21="MISSING", "N/A", IF(VLOOKUP(A21, Source_Cust!A:D, 4, FALSE) = VLOOKUP(A21, Target_Cust!A:D, 4, FALSE), "Match", "MISMATCH")) -> Match

Sheet Source_Cust
A1: CustomerID | B1: FirstName | C1: LastName | D1: Email | E1: Phone | F1: RegistrationDate | G1: Country | H1: TotalOrders | I1: TotalSpent
A2: 1001 | B2: John | C2: Smith | D2: john.smith@email.com | E2: 555-0101 | F2: 45306 | G2: USA | H2: 12 | I2: 1250.5
A3: 1002 | B3: Emma | C3: Johnson | D3: emma.j@email.com | E3: 555-0102 | F3: 45309 | G3: Canada | H3: 8 | I3: 890.25
A4: 1003 | B4: Michael | C4: Williams | D4: m.williams@email.com | E4: 555-0103 | F4: 45323 | G4: UK | H4: 15 | I4: 2100.75
A5: 1004 | B5: Sarah | C5: Brown | D5: sarah.b@email.com | E5: 555-0104 | F5: 45332 | G5: USA | H5: 5 | I5: 450
A6: 1005 | B6: David | C6: Jones | D6: david.jones@email.com | E6: 555-0105 | F6: 45337 | G6: Australia | H6: 20 | I6: 3500
A7: 1006 | B7: Lisa | C7: Garcia | D7: lisa.garcia@email.com | E7: 555-0106 | F7: 45352 | G7: USA | H7: 10 | I7: 1200.3
A8: 1007 | B8: James | C8: Miller | D8: james.m@email.com | E8: 555-0107 | F8: 45356 | G8: Canada | H8: 7 | I8: 680.5
A9: 1008 | B9: Maria | C9: Davis | D9: maria.davis@email.com | E9: 555-0108 | F9: 45361 | G9: UK | H9: 18 | I9: 2450.9
A10: 1009 | B10: Robert | C10: Rodriguez | D10: rob.rod@email.com | E10: 555-0109 | F10: 45366 | G10: USA | H10: 9 | I10: 950
A11: 1010 | B11: Jennifer | C11: Martinez | D11: jen.mart@email.com | E11: 555-0110 | F11: 45371 | G11: USA | H11: 11 | I11: 1150.75
A12: 1011 | B12: William | C12: Hernandez | D12: will.h@email.com | E12: 555-0111 | F12: 45383 | G12: Canada | H12: 6 | I12: 590
A13: 1012 | B13: Linda | C13: Lopez | D13: linda.lopez@email.com | E13: 555-0112 | F13: 45387 | G13: UK | H13: 14 | I13: 1890.4
... A21: 1020 | B21: Jessica | C21: Martin | D21: jessica.mart@email.com | E21: 555-0120 | F21: 45432 | G21: Canada | H21: 9 | I21: 950.25

Sheet Target_Cust
A1: CustomerID | B1: FirstName | C1: LastName | D1: Email | E1: Phone | F1: RegistrationDate | G1: Country | H1: TotalOrders | I1: TotalSpent
A2: 1001 | B2: John | C2: Smith | D2: john.smith@email.com | E2: 555-0101 | F2: 45306 | G2: USA | H2: 12 | I2: 1250.5
A3: 1002 | B3: Emma | C3: Johnson | D3: emma.j@email.com | E3: 555-0102 | F3: 45309 | G3: Canada | H3: 8 | I3: 890.25
A4: 1003 | B4: Michael | C4: Williams | D4: m.williams@email.com | E4: 555-0103 | F4: 45323 | G4: UK | H4: 15 | I4: 2100.75
A5: 1004 | B5: Sarah | C5: Brown | D5: sarah.b@email.com | E5: 555-0104 | F5: 45332 | G5: USA | H5: 5 | I5: 450
A6: 1005 | B6: David | C6: Jones | D6: david.jones@email.com | E6: 555-0105 | F6: 45337 | G6: Australia | H6: 20 | I6: 3500
A7: 1006 | B7: Lisa | C7: Garcia | D7: lisa.garcia@email.com | E7: 555-0106 | F7: 45352 | G7: USA | H7: 10 | I7: 1200.3
A8: 1007 | B8: James | C8: Miller | D8: james.m@email.com | E8: 555-0107 | F8: 45356 | G8: Canada | H8: 7 | I8: 680.5
A9: 1008 | B9: Maria | C9: Davis | D9: maria.davis@email.com | E9: 555-0108 | F9: 45361 | G9: UK | H9: 18 | I9: 2450.9
A10: 1009 | B10: Robert | C10: Rodriguez | D10: rob.rod@email.com | E10: 555-0109 | F10: 45366 | G10: USA | H10: 9 | I10: 950
A11: 1010 | B11: Jennifer | C11: Martinez | D11: jen.mart@email.com | E11: 555-0110 | F11: 45371 | G11: USA | H11: 11 | I11: 1150.75
A12: 1011 | B12: William | C12: Hernandez | D12: will.h@email.com | E12: 555-0111 | F12: 45383 | G12: Canada | H12: 6 | I12: 590
A13: 1012 | B13: Linda | C13: Lopez | D13: linda.lopez@email.com | E13: 555-0112 | F13: 45387 | G13: UK | H13: 14 | I13: 1890.4
... A21: 1021 | B21: Amanda | C21: White | D21: amanda.white@email.com | E21: 555-0121 | F21: 45437 | G21: USA | H21: 4 | I21: 380

Sheet Source_Orders
A1: OrderID | B1: CustomerID | C1: OrderDate | D1: ProductName | E1: Quantity | F1: UnitPrice | G1: TotalAmount | H1: Status
A2: 5001 | B2: 1001 | C2: 45444 | D2: Laptop | E2: 1 | F2: 899.99 | G2: 899.99 | H2: Completed
A3: 5002 | B3: 1001 | C3: 45448 | D3: Mouse | E3: 2 | F3: 25.5 | G3: 51 | H3: Completed
A4: 5003 | B4: 1002 | C4: 45445 | D4: Keyboard | E4: 1 | F4: 75 | G4: 75 | H4: Completed
A5: 5004 | B5: 1003 | C5: 45446 | D5: Monitor | E5: 2 | F5: 199.99 | G5: 399.98 | H5: Completed
A6: 5005 | B6: 1004 | C6: 45447 | D6: Laptop | E6: 1 | F6: 899.99 | G6: 899.99 | H6: Pending
A7: 5006 | B7: 1005 | C7: 45449 | D7: Tablet | E7: 1 | F7: 499.99 | G7: 499.99 | H7: Completed
A8: 5007 | B8: 1006 | C8: 45450 | D8: Mouse | E8: 3 | F8: 25.5 | G8: 76.5 | H8: Completed
A9: 5008 | B9: 1007 | C9: 45451 | D9: Keyboard | E9: 2 | F9: 75 | G9: 150 | H9: Completed
A10: 5009 | B10: 1008 | C10: 45452 | D10: Monitor | E10: 1 | F10: 199.99 | G10: 199.99 | H10: Cancelled
A11: 5010 | B11: 1009 | C11: 45453 | D11: Laptop | E11: 1 | F11: 899.99 | G11: 899.99 | H11: Completed
A12: 5011 | B12: 1010 | C12: 45454 | D12: Tablet | E12: 2 | F12: 499.99 | G12: 999.98 | H12: Completed
A13: 5012 | B13: 1011 | C13: 45455 | D13: Mouse | E13: 1 | F13: 25.5 | G13: 25.5 | H13: Completed
... A16: 5015 | B16: 1014 | C16: 45458 | D16: Laptop | E16: 2 | F16: 899.99 | G16: 1799.98 | H16: Completed

Sheet Target_Orders
A1: OrderID | B1: CustomerID | C1: OrderDate | D1: ProductName | E1: Quantity | F1: UnitPrice | G1: TotalAmount | H1: Status
A2: 5001 | B2: 1001 | C2: 45444 | D2: Laptop | E2: 1 | F2: 899.99 | G2: 899.99 | H2: Completed
A3: 5002 | B3: 1001 | C3: 45448 | D3: Mouse | E3: 2 | F3: 25.5 | G3: 51 | H3: Completed
A4: 5003 | B4: 1002 | C4: 45445 | D4: Keyboard | E4: 1 | F4: 75 | G4: 75 | H4: Completed
A5: 5004 | B5: 1003 | C5: 45446 | D5: Monitor | E5: 2 | F5: 199.99 | G5: 399.98 | H5: Completed
A6: 5005 | B6: 1004 | C6: 45447 | D6: Laptop | E6: 1 | F6: 899.99 | G6: 899.99 | H6: Pending
A7: 5006 | B7: 1005 | C7: 45449 | D7: Tablet | E7: 1 | F7: 499.99 | G7: 499.99 | H7: Completed
A8: 5007 | B8: 1006 | C8: 45450 | D8: Mouse | E8: 3 | F8: 25.5 | G8: 76.5 | H8: Completed
A9: 5008 | B9: 1007 | C9: 45451 | D9: Keyboard | E9: 2 | F9: 75 | G9: 150 | H9: Completed
A10: 5009 | B10: 1008 | C10: 45452 | D10: Monitor | E10: 1 | F10: 199.99 | G10: 199.99 | H10: Cancelled
A11: 5010 | B11: 1009 | C11: 45453 | D11: Laptop | E11: 1 | F11: 899.99 | G11: 899.99 | H11: Completed
A12: 5011 | B12: 1010 | C12: 45454 | D12: Tablet | E12: 2 | F12: 499.99 | G12: 999.98 | H12: Completed
A13: 5012 | B13: 1011 | C13: 45455 | D13: Mouse | E13: 1 | F13: 25.5 | G13: 25.5 | H13: Completed
... A16: 5016 | B16: 1015 | C16: 45459 | D16: Tablet | E16: 1 | F16: 499.99 | G16: 499.99 | H16: Completed
